{"cameraMode":{"drawMode":0,"name":"Shaded","section":"Shading Mode"},"sceneLighting":false,"audioPlay":false,"sceneViewState":{"showFog":true,"showMaterialUpdate":false,"showSkybox":false,"showFlares":true,"showImageEffects":true,"showParticleSystems":true},"in2DMode":false,"pivot":{"x":107.07386779785156,"y":96.98644256591797,"z":673.76953125},"rotation":{"x":-0.06165691092610359,"y":0.060444265604019168,"z":-0.0037409465294331314,"w":-0.9962592720985413},"size":27.41600227355957,"orthographic":false}